"","VSI.eo","pctmin","pctlowinc","pctlths","pctlingiso","pctunder5","pctover64","pctunemployed","pm","o3","cancer","resp","dpm","pctpre1960","traffic.score","proximity.npl","proximity.rmp","proximity.tsdf","proximity.npdes","ust","EJ.DISPARITY.pm.eo","EJ.DISPARITY.o3.eo","EJ.DISPARITY.cancer.eo","EJ.DISPARITY.resp.eo","EJ.DISPARITY.dpm.eo","EJ.DISPARITY.pctpre1960.eo","EJ.DISPARITY.traffic.score.eo","EJ.DISPARITY.proximity.npl.eo","EJ.DISPARITY.proximity.rmp.eo","EJ.DISPARITY.proximity.tsdf.eo","EJ.DISPARITY.proximity.npdes.eo","EJ.DISPARITY.ust.eo"
"1",0.0429259323257886,0,0.011399878630795,0,0,0,0.00673452438003891,0,5.11905922174335,28.4660674386082,9.52178124656262,0.0992158322231982,0.0297376429527833,0,0.248177557226246,0.00484088243398724,0.0244941883089495,0.0160520381433658,3.23465413511833e-09,0,-11210.9310635882,-55855.3332435201,-37425.1301680718,-481.627128899133,-351.323908082658,-272.146046979398,-899992.082333984,-238.374699892008,-959.176906282883,-2675.13650843521,-3035.47137010185,-4300.74809865069
"2",0.0567159531737189,0.00578630120861526,0.02373313212882,0,0,0,0.0184319495784062,0,5.50064763579448,29.7190585861052,10.0517833829676,0.107272955506359,0.0431899961672962,0,0.906486852593173,0.00701792155375956,0.0330837292820648,0.0222216589960834,1.78758507544963e-08,0,-8537.70409744388,-42754.7470837761,-28328.3254859488,-358.60682210956,-266.128399339616,-225.041879499832,-566394.516186349,-152.766031016236,-688.661592133283,-1775.37163139891,-796.129122730468,-2905.20513097384
"3",0.065969285342172,0.0117555737551852,0.0327172747487553,0,0,0,0.0264081858728527,0,5.79136556331717,30.4670604895683,10.3886499471736,0.115204513490289,0.053998188076747,0,1.9164036748996,0.0086070679610159,0.0400296210037544,0.0275865860373369,4.75596100645113e-08,0,-7228.68791341587,-36658.7938825909,-23986.0953361323,-301.185570460464,-224.767515316202,-195.944043157453,-435773.501430393,-118.431452250816,-555.12437999211,-1397.05401987206,-306.823784490932,-2274.12939334203
"4",0.0736383822148219,0.0171631656440062,0.0404875051326836,0,0,0,0.0328213525098694,0,5.98872636852461,31.1537535929726,10.7255165113796,0.123136071474219,0.062797607254798,0,3.2643941511367,0.00966246457086607,0.0462668336876232,0.0327367828488851,9.64347761878197e-08,0,-6451.26347791791,-32933.3658145508,-21341.1886036001,-266.701286271243,-198.243782513867,-175.428901741441,-351993.614206676,-97.3837860384944,-466.428882575253,-1148.04791446284,-153.524466716686,-1876.64311276846
"5",0.0801460268835106,0.0220870035385068,0.0471727360325873,0.00381271072575303,0,0.00310848338038299,0.0380254581022308,0,6.14108167910812,31.679347812733,11.0623830755856,0.131067629458149,0.0695275546093232,0,4.71444439867212,0.0104496081424703,0.0518334217039257,0.0375669740711499,1.62341925803945e-07,0,-5873.48181732742,-30130.647003882,-19322.6191416919,-241.627023579087,-179.445831017807,-160.048837228752,-297330.419534029,-83.5926634083857,-405.084293062727,-990.67676989986,-85.4882028506032,-1605.27100221592
"6",0.0862855911445844,0.0268563909518316,0.0532952736705156,0.00737032146758378,0,0.00752669540822779,0.0423967468209474,0,6.28929155618393,32.3339464722181,11.3992496397916,0.138999187442079,0.0748402862130988,0,6.3032705752558,0.011232926466536,0.0570337860026731,0.0429767775142233,2.57301020171806e-07,0,-5439.43165681899,-27751.3822412981,-17815.2457624426,-223.634558895056,-164.794252250636,-147.565450021168,-254123.309518753,-73.2788393038736,-355.840412205185,-867.382559156814,-53.57326039119,-1395.94174899156
"7",0.0920708877207321,0.0314837602213775,0.0592552117159024,0.0096261298596152,0,0.0100263648528006,0.0465558831848792,0,6.44236701711089,32.9989912201734,11.7361162039976,0.146930745426009,0.0798452082352373,0,7.98809825003398,0.0119275940250616,0.0620718355109594,0.0482690343779088,3.94270273098961e-07,0,-5091.10832843613,-25998.3932325098,-16630.7940873337,-208.425649183023,-152.963770310167,-136.18514670601,-222772.800771153,-65.4169280241584,-316.603565489673,-770.424582994715,-34.4720227478447,-1237.15213782638
"8",0.0974783135619604,0.0361036765938634,0.0646835129592323,0.0116986331885824,0,0.0120717275222639,0.0501191926907284,0,6.56691953681275,33.5445544557433,12.0729827682036,0.154862303409939,0.0842211143024268,0,9.79902339986118,0.0126202068272605,0.0665313981537139,0.053527761246833,5.88225744556637e-07,0,-4797.6681412115,-24488.4460112735,-15627.47275775,-195.105780202505,-143.086075825946,-126.878493702895,-199063.166722008,-58.8903470701611,-284.599553500925,-691.950278903047,-23.2938851272518,-1099.49499915029
"9",0.102630898495721,0.0406949975342495,0.0702170324232278,0.0135112929129614,0,0.0139300445293988,0.0533313019846078,0,6.68659548792861,33.9951184143708,12.4098493324096,0.162793861393869,0.0883014939245398,0,11.6606592934847,0.0133210295039169,0.071170893523176,0.0588958294472698,8.41785618133407e-07,0,-4549.52198426437,-23214.3510584029,-14747.0961302778,-184.530614772623,-134.26797520627,-118.636913470881,-178394.47555871,-53.3586843061909,-256.76942642625,-622.415861669022,-16.620936109979,-986.651879167417
"10",0.107421891063529,0.0454297015881672,0.075528743367962,0.0152962128227498,0,0.0156735161972841,0.0565920969279115,0,6.7708879223035,34.3743805724395,12.7467158966157,0.170725419377799,0.0924467018578752,0,13.6135776616455,0.0139625324850261,0.0756691657630107,0.0640112968278946,1.18509655736026e-06,0,-4325.08009671809,-22044.3883012079,-14013.0337156537,-174.497933622721,-126.819758194195,-111.412298097751,-160387.663926999,-48.8468317054438,-234.05787098628,-564.267684582456,-11.9851333010595,-888.638808793137
"11",0.112112205959419,0.0498349668933917,0.0807684823276201,0.016984922495951,0,0.0173203580581905,0.0595086900923403,0,6.85532390613019,34.6959287028367,13.0835824608217,0.178656977361729,0.096328929902849,0,15.6499319534526,0.0146352371367795,0.0800589257993438,0.0692924281668226,1.61006154260412e-06,0,-4124.75235721698,-21025.5377471853,-13338.0194891015,-166.199251489065,-119.690668815597,-104.672173710489,-145590.04061116,-44.8036619653717,-213.546084362067,-514.220040573231,-9.14502239636917,-805.234598681175
"12",0.116995929613955,0.0544701079182,0.0855259727193749,0.0187096632083966,0,0.0188218196688415,0.0622382257782201,0.00216766593131114,6.93385636650058,34.9618802464014,13.4204490250277,0.186588535345659,0.0996484913245703,0.00540167366712077,17.7635919031911,0.0152852961178865,0.0845464719732294,0.0747840206398071,2.1472284729481e-06,0,-3941.44437753023,-20110.3497373185,-12723.7912452373,-158.603370003413,-113.631261547776,-98.9386628842095,-132797.094295559,-41.3950652111579,-195.655435534002,-468.307687249062,-7.0057594486811,-731.723136163727
"13",0.121692010775161,0.0591716631237756,0.0903724099210799,0.0202958683653575,0,0.020257467784658,0.0646965853224721,0.00600271654704684,7.02263814599411,35.2411096965809,13.7573155892337,0.194520093329589,0.103276411981761,0.0081199339904327,20.0237332116339,0.0159841949224443,0.0886810920475551,0.080321618699128,2.82491216932957e-06,0,-3774.60537933719,-19268.6860046631,-12150.2595641541,-151.253763264467,-107.910326932801,-93.1875524796574,-121304.383271495,-38.361991088821,-179.346287959558,-426.209796612525,-5.44232271754532,-667.409958774116
"14",0.126250804486853,0.0642375734132222,0.0950804317244912,0.0218913712916028,0,0.0216160319569828,0.0672719722529231,0.00802708451216764,7.10119738968843,35.5530471049056,14.0941821534397,0.200925545693883,0.106773571784882,0.010302200710766,22.5657713342086,0.0167391225476667,0.0928080346180261,0.0858416134204555,3.72761333573025e-06,0,-3615.08506605031,-18490.3737049455,-11619.3813744937,-144.861758805299,-102.498742898313,-87.8114804413141,-111295.741520997,-35.6749427501789,-165.791587260715,-388.360249976273,-4.2283482948788,-607.909172875862
"15",0.13068851664398,0.0692256382826115,0.0996985784573163,0.0235440585208142,0,0.0229133150366372,0.0697957264183667,0.00951139740784476,7.17277334845084,35.9651319216914,14.4310487176457,0.203919861931813,0.110394136287381,0.0121933386223331,25.0523223068021,0.017535271794414,0.0972132278975981,0.091732972885603,4.78912834046395e-06,0,-3470.25586843725,-17753.9061902612,-11137.2451174401,-138.732302854648,-97.5382868767596,-82.6410422945584,-102441.355396784,-33.1938384268423,-152.998584163008,-354.294570651641,-3.33116370558591,-554.149581201648
"16",0.135095304930866,0.074237953346931,0.10426884079564,0.0251252045596219,0,0.0241704495319799,0.0722996143747499,0.010732398967631,7.23378848391799,36.4104154834832,14.7679152818517,0.206914178169744,0.113923717736272,0.0140569558044012,27.698775026966,0.0184048846426725,0.101325190776533,0.097426288122805,6.1215340495005e-06,0.00613123745410588,-3335.09781679437,-17065.3387231163,-10713.1195596243,-133.273050506202,-93.0198086277966,-77.5462465004952,-94563.2422454315,-30.9928151098023,-141.56723874079,-324.558512794013,-2.61343986558674,-508.252251865699
"17",0.13919027870539,0.0793843960820179,0.10903813084842,0.0267734910728898,0,0.0254334007099273,0.0746401124808255,0.0118495747526526,7.28893797759946,36.8075935040792,15.1047818460577,0.209908494407674,0.117607467639231,0.0162208954198711,30.5835518683755,0.0192877491931202,0.105613403342815,0.103665760897286,7.71327738212e-06,0.0160793364388947,-3210.67522441063,-16392.6963398771,-10288.6772069222,-128.042451743379,-88.8320936502181,-73.1014156731774,-87354.3898908032,-28.9872169448479,-131.407513847984,-297.987138779635,-2.09937578758977,-465.383294189082
"18",0.143436125399806,0.0845045398000096,0.113740146124015,0.028396857182191,0,0.0266522685420955,0.0769289686016393,0.0128932976106991,7.34379325230832,37.1288821864267,15.4416484102637,0.212902810645604,0.121382023203455,0.0183626109608204,33.5330135773511,0.0201771137941504,0.10991778046724,0.109591315798483,9.36214423331487e-06,0.0268884357157622,-3091.0789222818,-15802.3826690836,-9891.79334558112,-123.099471420375,-84.7237408244652,-68.9231008433953,-80448.3764288927,-27.1614110186125,-122.385057510877,-272.970000011932,-1.7102993709232,-426.297969025286
"19",0.147643674866743,0.0897059086059181,0.118552452781214,0.0299958072253386,0,0.0277664359877372,0.0791989763352854,0.013920099178304,7.39668548655345,37.4137553089876,15.7785149744697,0.215897126883534,0.125052822934473,0.0205098993681481,36.7441674760266,0.0211604616093389,0.114288705812637,0.115907073154364,1.15030704017066e-05,0.0387217323329357,-2976.94637732976,-15218.7221191818,-9526.28447581,-118.226297111057,-81.1041833042518,-64.9156804069373,-74228.9802316498,-25.4063858501074,-114.118064296277,-250.464519656479,-1.41223924853663,-390.176420445256
"20",0.151987740422113,0.0950310718810458,0.123317455833023,0.0315762629494726,0,0.0288973516947058,0.0814462363787317,0.0149100412830126,7.44546652889701,37.653286398265,16.1153815386758,0.218891443121464,0.128463193995236,0.0228823734863255,39.8631422513801,0.0221159283213008,0.118575653284141,0.122578412830989,1.39469179493881e-05,0.0526505867623676,-2872.51014408512,-14661.6003240981,-9179.15422239689,-113.675926116468,-77.6480695333897,-61.0446029281992,-68657.575256527,-23.8009291125543,-106.867890151483,-229.495469414961,-1.16145703642476,-357.96709368601
"21",0.156362641371418,0.1004367533106,0.12796619679293,0.0332405355988703,0,0.0300125552840003,0.0835901720752952,0.0158602354056597,7.49140638192841,37.8686787010185,16.4522481028818,0.221885759359394,0.132062984728685,0.0253043562252253,43.2896591533501,0.0231190774563626,0.122786965013098,0.129152269791688,1.68579326349248e-05,0.0680686743375683,-2771.33460040447,-14128.8367674604,-8832.59468552075,-109.490293067989,-74.210225096859,-57.3871533969305,-63369.8917051098,-22.3732599698434,-100.092466581784,-209.89212591598,-0.966995225487947,-327.301156944795
"22",0.16059666467525,0.106000489912757,0.132553206404521,0.0349293467915528,0,0.0310706729663556,0.0856936544602969,0.0168004962986944,7.53361243995277,38.0808068982407,16.7891146670878,0.224880075597324,0.135592580161586,0.0278653259840691,46.7560835041988,0.0241167440399549,0.127043775567661,0.13553392228904,2.0476536231889e-05,0.0847953974587352,-2673.59215290834,-13638.2872886932,-8503.08764430269,-105.464459682507,-70.8034598578503,-53.9822435676239,-58689.3492871711,-21.0195809334008,-93.825732256536,-191.619483641534,-0.801900772377274,-299.652266059607
"23",0.164889088690296,0.111662063551633,0.137054533919167,0.0365105061066614,0,0.0321564221307839,0.0878353904547615,0.0177152632712321,7.57215523624869,38.2882620709048,17.1259812312938,0.227874391835254,0.139238906659402,0.0307558275576843,50.2288177013907,0.0251747321444721,0.131332166434168,0.142507518372853,2.43538332467952e-05,0.103435408479562,-2579.30901442959,-13157.5826935235,-8185.69644850513,-101.572174056943,-67.6898921321253,-50.6428651254142,-54372.7422764227,-19.7975308047051,-88.0631758493336,-175.438134955805,-0.662828981870804,-273.56869498788
"24",0.16912251703636,0.117720022587536,0.141831730306972,0.0380791158307548,0,0.0331906524040738,0.0898842112296167,0.0186020778814704,7.61647322981586,38.4791617085416,17.4628477954998,0.230868708073184,0.143007720751066,0.0335520408002234,54.0775592351822,0.0262747300134942,0.135562290836632,0.149600459844184,2.90141916664994e-05,0.123364311879908,-2492.36205931079,-12704.0028113132,-7884.46349986639,-97.6861490230151,-64.5775403262644,-47.3213937044633,-50054.6731434823,-18.5680062361104,-82.6831112537279,-160.584647640626,-0.546677778613304,-249.28010864471
"25",0.173537457445334,0.123499111820288,0.146564579018295,0.0398068823555303,0,0.0341562336161053,0.0919672721994168,0.0194897667912574,7.65901739434865,38.6769102808,17.7997143597058,0.233863024311115,0.146785823479492,0.0366213859932851,58.0673056520038,0.027390712908369,0.139784318303084,0.156552994145569,3.42692532275e-05,0.145600498872491,-2404.59672267388,-12266.6668898144,-7590.11534429995,-94.0996333961288,-61.7121872652805,-44.2521618703283,-46354.1763420813,-17.4400530416116,-77.8694260170445,-147.326003993336,-0.454991589914383,-227.510055373936
"26",0.177694879775022,0.129490682823116,0.151480050623916,0.0415457378558654,0,0.0351612570927768,0.0940476282687964,0.0203521477358039,7.69901827945561,38.847672442975,18.1365809239118,0.236857340549045,0.15065896302611,0.0397591817176871,62.1195326753418,0.0284790715277234,0.144056414493532,0.163723386928853,4.06511116358985e-05,0.170224429577778,-2321.1168513701,-11833.8282405917,-7316.77430912174,-90.7331716127647,-58.8577423609598,-41.2436829092329,-42909.4082982714,-16.4220445133284,-73.4281370980524,-134.909377299185,-0.374833140811344,-207.456507127515
"27",0.18188631709454,0.135558724756803,0.156146458734831,0.0432293100955758,0,0.0361052092898611,0.0960635287808461,0.0212064392741013,7.73733208306824,39.0122718860368,18.4734474881178,0.239851656786975,0.154495191888053,0.0431629807276046,66.3895261092137,0.0296234586212229,0.148545536484796,0.171376110310902,4.77484870404639e-05,0.196055901051541,-2243.39599489819,-11426.9569561266,-7040.17262679296,-87.2817266794162,-56.0866069482125,-38.3594647935105,-39476.809270976,-15.4179939176837,-69.069232199855,-123.755564995684,-0.308098309438078,-188.507249627149
"28",0.186087002134498,0.141884055815471,0.161035882087872,0.0448222647502995,0,0.0371047256592263,0.0981050216539153,0.0220278691499144,7.77802094379303,39.1804746640159,18.8103140523238,0.242845973024905,0.158169831045638,0.0468699122659828,70.8387574346093,0.0308429213190012,0.153071312111614,0.179440267398843,5.62919726319027e-05,0.223625958775888,-2164.14388972176,-11034.6998801467,-6785.89426941619,-83.8779626966706,-53.5070268339303,-35.8470232233363,-36404.9300998462,-14.5170277650625,-65.0837254003377,-113.847807897807,-0.254468067259587,-170.388348111038
"29",0.190320977010404,0.148059753181462,0.16606020430443,0.0464903258834028,0,0.0380455927997368,0.100162362590115,0.0229121591624667,7.82096222661047,39.362228755178,19.1471806165298,0.245840289262835,0.161820834964805,0.0506738779993078,75.4390770964561,0.032057894003181,0.157323318498609,0.187941453448556,6.58020973170623e-05,0.252483212663896,-2086.77700210259,-10656.7101680878,-6529.97115003691,-80.7659555823961,-50.9511642869278,-33.3341222359921,-33599.1843370618,-13.6287109506489,-61.3716557859269,-104.889398938963,-0.211798173892094,-153.731434169373
"30",0.194760880139697,0.154380055374733,0.170595584705796,0.0481584376525713,0,0.0390172956970736,0.10207307227368,0.0237690276606459,7.86193631805146,39.5605970672723,19.4840471807358,0.248834605500765,0.165569034504311,0.0545443403821977,80.317532812744,0.0332769933240473,0.161676762519327,0.196931773394585,7.73126458134702e-05,0.281467184387082,-2011.87819250822,-10277.061850675,-6285.9379690999,-77.7557319932676,-48.4826388844947,-30.9119418904738,-30878.8913485369,-12.813347375596,-58.0406772144701,-96.2410691637133,-0.174903489068665,-137.809756463309
"31",0.199275231486919,0.160858893903065,0.175441164387642,0.0499588461179766,0,0.0399123287534043,0.104054108733088,0.024648011625898,7.9017269078939,39.7532114684669,19.8209137449419,0.251828921738695,0.169456959065544,0.0587435360018015,85.263885710047,0.034451949016174,0.166180158015012,0.206803638564756,8.99802597109628e-05,0.313867084021666,-1938.94738060041,-9910.60984526931,-6051.19227384575,-74.7563922937547,-46.1907839248464,-28.5740881284513,-28249.2886888947,-11.9732084671862,-54.751072473269,-88.2832432808825,-0.143719772270404,-123.446946601561
"32",0.203837542969929,0.167379550388563,0.180277285920748,0.0517265528173073,0,0.0408542363922134,0.105989904584004,0.0254768101149771,7.94036638796575,39.9338858056741,20.0899210088225,0.254823237976625,0.173453403903352,0.0628658291491806,90.1340947980355,0.0357484159253505,0.170508662521366,0.217912828870218,0.000104711634800384,0.347177776412412,-1869.26427023565,-9543.88481958393,-5832.91062193871,-72.0643559736202,-43.8787612867167,-26.4455752866489,-25833.1256995491,-11.2288424425727,-51.7506479741012,-81.1958746331038,-0.118205253633685,-109.963018568985
"33",0.208263453453483,0.174156007302885,0.185081458140162,0.0534845955019946,0,0.0418051531912667,0.107999636366035,0.026353232574042,7.98303115457733,40.1311902064716,20.2819055565495,0.257817554214556,0.177437842464498,0.0671934734812117,95.6843063294488,0.0370484848669167,0.175056856777277,0.230255857037307,0.00012102956766912,0.382085170373947,-1803.31071781553,-9186.61224947284,-5604.03478510619,-69.1413693991822,-41.7105397528003,-24.3457519984638,-23669.6201607685,-10.5347344934658,-48.8233070723602,-74.7212752425594,-0.0978044790137839,-96.7862613405339
"34",0.212688280494751,0.18098579386744,0.190013409418921,0.0553054122820091,0,0.042708503403727,0.110011406506828,0.0271903261299753,8.02368602776041,40.3117931681866,20.4738901042765,0.260811870452486,0.181149924854565,0.0715476316356234,101.126654077527,0.0383551915222082,0.179657043958732,0.244146015250292,0.000139050169446835,0.420498243216185,-1735.89478657869,-8851.4531510692,-5390.07600697396,-66.3738946962215,-39.6135490201246,-22.3983372824656,-21642.3098807994,-9.852339101711,-46.0410084508725,-68.4848394025822,-0.0795996245514605,-84.9491428600367
"35",0.21735286943442,0.187935993390579,0.194904064015293,0.0572228868872508,0,0.043578327957432,0.111981746588981,0.028105833595954,8.06175639051742,40.4806504507159,20.6658746520034,0.263806186690416,0.185202611870159,0.0763632791777647,106.87635738398,0.0397031890616853,0.184170702813077,0.260886341896337,0.000159611064029408,0.460567782039305,-1668.60109942078,-8514.22559809834,-5173.06364612781,-63.7802250599992,-37.5960531971644,-20.4528795733095,-19709.0636523017,-9.21529598626819,-43.224573232134,-63.0881327866531,-0.0633534287523439,-73.7092356212865
"36",0.22202976589098,0.194732813589167,0.199982206726974,0.0590186199896934,0,0.0444542555010742,0.11400141850435,0.029008290560164,8.09717482778742,40.6483507653506,20.8578591997304,0.266800502928346,0.188996820290023,0.0811450924625655,112.630667320563,0.0409847075249879,0.188995206508256,0.279198164385636,0.000183757906007687,0.501222267927945,-1605.77919556541,-8182.58784893179,-4956.83533749885,-61.0625516598768,-35.6283166746228,-18.6327744164606,-17909.4293210219,-8.61694202255756,-40.6758242959245,-58.0143106214589,-0.0511672636727522,-63.550600667121
"37",0.226811508633481,0.201863847597405,0.205194310929382,0.0608771546072023,0,0.045304687256906,0.116015305843521,0.0298940630701213,8.13264633560381,40.8108889877279,21.0498437474574,0.269794819166276,0.192688532267676,0.086202779666899,118.618605392581,0.0423351362565503,0.193980399424119,0.298918652978935,0.000210212884600909,0.544619988141348,-1541.20760814764,-7864.52770928907,-4758.63061920157,-58.5184095859943,-33.6669041805742,-17.0215651895986,-16196.3737527845,-8.04599193628154,-38.2502937632477,-53.2405935446315,-0.0409921238627834,-54.2922687715541
"38",0.231638096918892,0.209241466280694,0.210055681662346,0.0627979302687564,0,0.0461853987884044,0.117955519643177,0.0307841904986641,8.16675469260475,40.9494692438075,21.2418282951844,0.272789135404206,0.196662391046436,0.0914523264581667,125.198708790197,0.0436731847709775,0.199343221876507,0.320497606142248,0.000240722438313819,0.586522742766104,-1477.66198585389,-7551.94629893844,-4555.03103067398,-55.9842602146984,-31.7513293340057,-15.3648003214898,-14647.0915756746,-7.51609294532989,-35.9372159064663,-48.9745355085507,-0.0327910780955114,-45.5564512086251
"39",0.23660884140168,0.216651690499121,0.215210724299243,0.0646735195282819,0,0.0470238642428037,0.119997146512517,0.0316542529565205,8.20065040873664,41.1017466192551,21.4338128429113,0.275783451642136,0.200396246951924,0.0970647480180738,131.658103603047,0.0450761678805803,0.204839144689031,0.345508579897902,0.000273967224002814,0.635072078893825,-1413.81158530129,-7230.70964449788,-4357.34801633816,-53.4441592455959,-29.8431234385212,-13.8827754118836,-13148.1846904441,-7.00605684176886,-33.6198089714801,-44.7842630099444,-0.0263332364271386,-37.9402156556788
"40",0.241476880204938,0.22439984894929,0.220327116544817,0.0665984257334067,0,0.0479313709135384,0.121944267917713,0.0325212439956352,8.23421662607305,41.2543779073505,21.6257973906383,0.278777767880066,0.204368128653588,0.102580548348977,138.380117610034,0.0463854761573293,0.211097515460039,0.371714453303496,0.000314754238546284,0.683790861714165,-1351.44278912838,-6900.84400677851,-4158.29048564059,-50.9883278735264,-28.1055111302448,-12.4654092377104,-11776.7435177275,-6.51220047752159,-31.4153573798608,-40.9493607040163,-0.021225350159885,-30.8492542077492
"41",0.246822467849668,0.232408000231354,0.225392385908498,0.0684663391994713,0,0.0487772250938081,0.123927303215649,0.0334567085391919,8.27051368753491,41.3981006701619,21.8177819383653,0.281772084117996,0.207952993045922,0.108323134963698,145.339577767444,0.0477610586626129,0.217854476644083,0.400093615189614,0.000356212345256584,0.736445667744259,-1289.39218861806,-6579.51935129022,-3965.51828160885,-48.4991614266767,-26.4457630526577,-11.0953713446153,-10461.2526610704,-6.05653048349104,-29.3098030499712,-37.3080375903335,-0.0169728202968374,-24.4838158097323
"42",0.252008796499512,0.240694811821613,0.230635160353696,0.0703918099754356,0,0.0496620536612526,0.125905306515478,0.0343503468781382,8.30933430970684,41.478621785951,22.0097664860922,0.284766400355927,0.211670149945424,0.114275214863455,152.401153448003,0.0492102132757853,0.225327694023161,0.431169747308144,0.000403167739468001,0.789608254460955,-1225.94102230913,-6257.8888949676,-3771.62499501506,-45.9858441770341,-24.8022596080651,-9.86154131415954,-9265.8892573776,-5.6017507287521,-27.3112872306225,-33.8281968355114,-0.0134130936420218,-19.0430127977565
"43",0.257448729753166,0.248837003553972,0.235884438532488,0.0725001901005265,0,0.0505359489442569,0.127915028095533,0.0352653466528575,8.34879272402747,41.5566116420319,22.2017510338192,0.287760716593857,0.215610992443587,0.120532884906789,159.985398159393,0.0506076212311574,0.233146099612857,0.463334242009983,0.000457388607162855,0.844198687218808,-1164.0854696415,-5936.61624712753,-3573.94419275755,-43.5884088602696,-23.1167594826786,-8.71350294695061,-8118.74889353181,-5.17733145305159,-25.424316250305,-30.6799620683396,-0.0104381597741469,-14.2544702411296
"44",0.262614941501323,0.257455137969165,0.241068154254008,0.0745272074469942,0,0.0513976155362149,0.1298277564087,0.036188150819433,8.38722756106759,41.6477168765463,22.3937355815462,0.290755032831787,0.219449645494029,0.127157937742199,168.107071922706,0.0520238778636618,0.242232326844937,0.493940867567805,0.000515382895722914,0.897485623998216,-1104.24259865026,-5621.48184654007,-3369.07160739011,-41.3019922016204,-21.4557284468853,-7.55814622672786,-7080.33604321402,-4.78254226739241,-23.5490411726138,-27.4884819421171,-0.00808790179273395,-9.98997100208642
"45",0.268162497336263,0.266117781240855,0.246219465590355,0.0765877967032112,0,0.052242983775773,0.131733177686753,0.0370955341539331,8.42546041459167,41.7402819793298,22.5857201292732,0.293749349069717,0.22338454486672,0.133981570150757,176.441604501253,0.0535345327843971,0.251880615763187,0.525875992776903,0.000581920045339003,0.957521770747591,-1041.10447115735,-5301.98264146097,-3177.73084634925,-38.9022621912338,-19.9049070495727,-6.48373668037477,-6116.77052615634,-4.39130077174474,-21.6866492735319,-24.610235650669,-0.00618915099301738,-6.58393651762687
"46",0.273716905927346,0.275065200029785,0.251526718642874,0.0788002107985136,0.00243593154315706,0.0531045224219257,0.133785239863295,0.0380295638839953,8.46257772193892,41.8295182881514,22.7777046770001,0.296743665307647,0.227117101822717,0.141133112808177,184.773041376475,0.0549937973510906,0.26234482942102,0.559479667545652,0.000656658929072059,1.01580702811044,-977.033273027286,-4977.82031759388,-2979.75627208754,-36.5652572910871,-18.4201854587723,-5.53054108976542,-5221.55253416561,-4.01736633201995,-19.9144631476176,-22.1017444959182,-0.00461122329489459,-3.85574038718917
"47",0.279213684952166,0.283867695722634,0.256842478323719,0.0809661973308266,0.00574495132621001,0.0539807947105614,0.135817593124261,0.0389611605966848,8.502502695555,41.9145102541235,22.9696892247271,0.299737981545577,0.231063174976894,0.148269522629824,193.861451393407,0.0566044694760227,0.273441041936554,0.592999830024275,0.000738250836241962,1.07832617837776,-914.623555820321,-4655.47532120761,-2780.54871062938,-34.1401493937783,-16.9601352538705,-4.58751934107286,-4443.74599759465,-3.6543723549548,-18.1696471062844,-19.5965046520797,-0.0034718304553043,-1.64203298554006
"48",0.284852879905231,0.292752886995251,0.262432307869941,0.0832219498414184,0.00761796612915389,0.0548419732404562,0.13782106576371,0.0399046328703697,8.53788297649604,42.0128020901073,23.1616737724541,0.302659117109553,0.235001395889606,0.155854770413869,203.263920030324,0.0582635014750616,0.28545938003177,0.628114017795027,0.000823485074287556,1.14326032993735,-851.063267102147,-4324.74033355098,-2582.60897979818,-31.7042473394695,-15.5663400540418,-3.67231074827367,-3704.25042068644,-3.31679313850008,-16.4407597426693,-17.1429698620022,-0.00256325664547446,-0.000854934968090438
"49",0.290800888166959,0.302045940890897,0.267996215534197,0.0855227035417912,0.00920079330526654,0.0557446849780162,0.139778195224761,0.0409237843074627,8.57242560640614,42.1125429596548,23.3536583201811,0.305573234885351,0.239072237201892,0.163393048473845,212.527052482759,0.0599241562399439,0.298295596560689,0.666157325333724,0.000924553666605665,1.20744889963673,-784.589768859626,-3981.42019252483,-2382.60166724261,-29.2894439446493,-14.1093326710447,-2.76165589227925,-3037.67102864652,-2.97829626115847,-14.8366615237059,-15.0242181468964,-0.00183859924496736,-0.000799636390213432
"50",0.296902276910194,0.311433204930037,0.27346050769091,0.0877436920122058,0.010590328898061,0.0566635027233973,0.141764869574657,0.0419185793929384,8.60340714152397,42.2136203210985,23.545642867908,0.308487352661149,0.243288096212765,0.171072246964745,222.338679957675,0.0616200863621057,0.311804090475896,0.706050318696779,0.00103255503489874,1.27568154503941,-717.043721594645,-3628.54032366336,-2183.11144624152,-26.7001280823885,-12.6883289311389,-1.8970938463311,-2432.31061336432,-2.65434666302305,-13.2436565080753,-12.9800103048983,-0.00130378230038295,-0.000744337812336426
"51",0.303199760567772,0.321156528826592,0.279178629517558,0.0900202817651532,0.0118934412454452,0.0574999457546504,0.14378681456277,0.0429089454024041,8.63367382978161,42.3042821616027,23.737627415635,0.311401470436947,0.247143394690264,0.178976486516271,232.329650419292,0.0633774902581434,0.326073773998219,0.746697213523623,0.00115193037514079,1.34485790509254,-648.529980392422,-3269.56073638499,-1966.91341905251,-24.1276589176399,-11.2836244652068,-0.961447974362139,-1891.18857081132,-2.34143353562787,-11.6337554826323,-11.07109092161,-0.000919507659735544,-0.00068903923445942
"52",0.30973100900472,0.331063767001084,0.284827562855991,0.0925133499347926,0.0130966420445497,0.058394740097497,0.145822470766169,0.0439043040267839,8.66417724435993,42.4127474333759,23.929611963362,0.314315588212745,0.251453093950368,0.187185275064977,242.656185099607,0.0651469738607291,0.341096844722554,0.788636903641493,0.00129512832599094,1.41654143732842,-577.39677533531,-2913.84014447507,-1744.79004037827,-21.5662635918848,-9.93242445525128,-0.013063194119062,-1424.59557694137,-2.03023739184193,-10.0557948865825,-9.30453053052655,-0.000641051585681605,-0.000633740656582414
"53",0.316076309558494,0.341133568183276,0.290434807140121,0.0949118101008211,0.0142848026910754,0.0592827366749281,0.147881103555452,0.0449734317130902,8.6986616655424,42.5217543010789,24.121596511089,0.317229705988543,0.255897406876367,0.195695039411163,253.316124781704,0.067035124274359,0.358572309788791,0.83230659180864,0.00144007868028017,1.49562008000711,-506.395910961217,-2544.35872937664,-1521.47091172061,-18.8593520366406,-8.56758662984424,-0.000914087112520651,-1013.93213890859,-1.72772311563974,-8.59584304842424,-7.66285195738919,-0.000421611498807431,-0.000578442078705408
"54",0.322638219901884,0.351494261961981,0.296217945660704,0.0974994566421659,0.0155266655992139,0.0601758366025545,0.149956767725103,0.0459920445130976,8.73674023990476,42.6222841114449,24.3135810588159,0.320143823764341,0.260270595621703,0.20448371466109,264.721024635477,0.0689936015670841,0.377089722621631,0.878262024821738,0.00160473632208757,1.57850398238435,-428.537985413208,-2155.81532633009,-1287.6147438074,-16.0914447869696,-7.21412670821103,-0.000826482238741954,-657.873203382831,-1.43633741223871,-7.12096461624429,-6.2183933814815,-0.000274176906210351,-0.000523143500828402
"55",0.329420041727211,0.362004983750463,0.302301592958936,0.100111499583566,0.0167350547424582,0.0610774107691014,0.152031590445367,0.0470168995848962,8.7765245311543,42.714223755718,24.5055656065429,0.323057941540139,0.264612989214051,0.213796974413871,276.362989644923,0.0709666845076887,0.396364364834832,0.92660910225109,0.00178924615691014,1.66044329170353,-352.107557838498,-1765.92768318506,-1042.21507596946,-13.0677377306616,-5.8486332047402,-0.000738877364963257,-374.53707824467,-1.15099149477924,-5.63816348033589,-4.81275823539691,-0.000164664536836129,-0.000467844922951396
"56",0.336480039427871,0.37285402455288,0.308368479886151,0.102774214199672,0.0180125821899955,0.0619725078191386,0.154136170427547,0.0480871609475474,8.81340971402087,42.8183854838231,24.6975501542699,0.325972059315937,0.269273514714514,0.223430083161412,288.535753631881,0.0730325628827689,0.417381474769097,0.975614718321781,0.00201630394277001,1.7467174792378,-269.000301527292,-1339.93133524051,-789.996874321507,-9.85694781733078,-4.36847188529674,-0.000651272491184559,-165.794645997757,-0.862235860903297,-4.24252448435116,-3.48592031276503,-9.44841243932369e-05,-0.00041254634507439
"57",0.343433565635908,0.383765720329837,0.314207552493356,0.105479756555063,0.019337003506778,0.0629318672971354,0.156301340544463,0.0491980957510634,8.84839651791341,42.9239599719725,24.8895347019969,0.328886177091735,0.273869733650267,0.232949213634691,301.591403677362,0.0752598246122085,0.438333660475277,1.02746045086355,0.00225891100310788,1.83288512615052,-182.351874022208,-903.517476517891,-512.008942970199,-6.40829084487108,-2.85477280494492,-0.000563667617405863,-37.7878661463379,-0.565048945620572,-2.80471930713862,-2.24784526062515,-5.02868291694694e-05,-0.000357247767197385
"58",0.350753140214658,0.395280756596544,0.32038665989968,0.10813969416267,0.0206768055533915,0.0638568539484861,0.158453546991557,0.0503132972747299,8.88505263174632,43.0192065448029,25.0815192497238,0.331800294867532,0.278386019477535,0.242590069260515,315.062989599222,0.07755970347614,0.459450443680962,1.08080443980891,0.00252755637394682,1.9259078959962,-88.772511756936,-442.01740505205,-220.844261267769,-2.76042313661455,-1.28774626081517,-0.000476062743627166,21.3998006441974,-0.248930057042247,-1.31118853322964,-1.05619059783653,-2.24091434883345e-05,-0.000301949189320379
"59",0.357765757809428,0.407382255203993,0.326636298169908,0.11106294172657,0.0221190339865596,0.064779657957567,0.160590644168884,0.0514794294026934,8.91923885446179,43.1169905728217,25.2735037974508,0.33471441264333,0.283088718624357,0.252582228908496,328.707688623248,0.0797032725693406,0.480046309809464,1.13799314491857,0.0028300292627326,2.026758452816,4.86454282822903,24.8696374419724,77.9837750604969,0.99905937353616,0.439797957245998,-0.000388457869848468,584.354370971627,0.0878481531627037,0.450613710423294,0.399549706470733,-8.12806701450598e-06,-0.000246650611443373
"60",0.365327438915752,0.419986622220907,0.332758440777209,0.113878127479591,0.0235268190258413,0.0657316491456831,0.162750632630924,0.0526200749077763,8.95082987565221,43.2132128978422,25.4654883451778,0.337628530419128,0.287659753543864,0.263065468717791,343.122152470317,0.0820554283800324,0.501473948459945,1.19474501868801,0.00317532263710666,2.131498856711,104.62759565407,510.987621143318,394.519818092405,4.96248132932115,2.4971014909949,-0.000300852996069771,1592.41857172748,0.463024669281403,2.63532892908046,2.50270067593392,-1.5947390007787e-06,-0.000191352033566367
"61",0.373073095619169,0.4318046281044,0.338755596056452,0.11684721780997,0.0250997414612495,0.0667352782298765,0.164873597459763,0.0538588842554517,8.98446165147654,43.3204711691118,25.6574728929048,0.340542648194926,0.292295681599264,0.273445559977102,357.737306995002,0.0844559541711714,0.523168418338056,1.25732929149926,0.00356864892414433,2.23531610802404,207.190978996101,1025.35643085119,726.657282415467,9.18377840250817,4.79873715198597,-0.000213248122291074,2960.79703361795,0.878744752879686,5.36327750444021,5.49242908379974,-3.47664410159677e-09,-0.000136053455689361
"62",0.380935348469772,0.444614161342043,0.345312210886017,0.119990361518678,0.0266910527412049,0.0677351639441992,0.167230218027838,0.0550458412293529,9.02644084159984,43.4266845167621,25.8494574406317,0.343456765970724,0.297160164043058,0.283945862001991,373.131493152161,0.0869112006113861,0.545569506005772,1.3186916340904,0.00402679927961766,2.34658066146788,314.399302182315,1541.17850448381,1081.35317294539,13.5993883063016,7.43863100652897,-0.000125643248512376,4608.01126355403,1.35044283049397,8.48988072015098,9.20876332240177,9.13377406198132e-06,-8.07548778123551e-05
"63",0.389193163281497,0.457433348742197,0.352076260301657,0.123004990666721,0.0283836268236028,0.0687394537924128,0.169498342350261,0.056284448702637,9.06753863407724,43.53126644138,26.0414419883587,0.346370883746522,0.301996127596143,0.295164409644553,389.218341225353,0.0894635508173749,0.568916585078055,1.38409415213448,0.00452068560360997,2.46370661568182,428.791589568125,2098.10603346429,1439.6343094915,18.2796239123282,10.448872891597,-3.8038374733679e-05,6524.28451070687,1.87413929133706,11.9229642636359,13.9386660670842,5.59500217849984e-05,-2.54562999353491e-05
"64",0.397788140596973,0.470680804812494,0.358834051881517,0.126293079350527,0.0302355009077529,0.0697501777989075,0.171706147502931,0.0575269564209736,9.10201574030863,43.6354479236367,26.2334265360857,0.34928500152232,0.307244569233031,0.30652223718122,406.459264812006,0.0921347311600956,0.594832043935525,1.44900973342291,0.00506709484207521,2.5839905718996,546.493574890803,2650.79300616979,1825.18341456663,23.134364878647,13.5102782242247,0.613197760445088,9038.36579625859,2.43585639027496,15.896892830262,20.2013326626671,0.000168367967384305,2.30447807522433
"65",0.406276140528138,0.48457494831072,0.365808528279379,0.129704935410117,0.0320634340337304,0.0707568705880822,0.17405110811872,0.0588090769134452,9.13327342466518,43.7371196420322,26.4254110838127,0.352199119298118,0.312602716685563,0.318247972612682,424.538989442793,0.0948426720808326,0.621596155397882,1.52114142860105,0.00573817991948982,2.7064986236762,673.112986762274,3252.67310020813,2216.21507921543,28.1528149523361,16.8634082606353,1.8186149211072,11755.5453004488,3.04075515755817,20.3598360209482,27.5370117961715,0.0004708476988789,11.9038646413627
"66",0.415052917728857,0.498523837321236,0.373037295779135,0.133270326089497,0.0340872582419338,0.0717746609885197,0.176355110655007,0.0602089291117218,9.16728045216216,43.8465267693137,26.6173956315396,0.355113237073916,0.317714410370497,0.330849807119482,443.42902229981,0.097762817400164,0.649053088162238,1.59597771408439,0.00650518754255636,2.82968441314327,806.004803913073,3890.5479275417,2641.25393595285,33.4688738780825,20.4252504412858,3.1710672078264,14844.9818623777,3.71297033088275,25.4434230637068,36.5705156253833,0.00106367349971162,28.501524443776
"67",0.42426876418915,0.512842920952412,0.380302666267814,0.13700225977175,0.0361658615144656,0.0727989673869159,0.178796320911761,0.0616628742804615,9.20059686591043,43.9615524696069,26.8093801792666,0.358027354849714,0.323456382105659,0.343553284912556,463.219264402703,0.100759637653961,0.677150841597836,1.67208499988469,0.00735460342315731,2.96701900108724,940.778642454828,4535.25302981286,3085.49255016105,38.8536869865722,24.2743806806176,4.67262587607747,18397.5784946365,4.42455838594135,31.2317109425964,47.4172370698967,0.00212989922120935,50.2509929155605
"68",0.433561075552248,0.526961829413419,0.387366633384582,0.140745096671689,0.0383519301408548,0.0738513068858287,0.181200801767133,0.0631623840734616,9.23374720767496,44.07046971074,27.0013647269936,0.360941472625512,0.328994784784537,0.356624667764197,482.448954241813,0.103912835922047,0.706877549643942,1.75491500325832,0.0083179915816981,3.10129646391167,1078.26764294792,5185.98372809498,3532.46824226899,44.8373392309163,28.4262030712728,6.29751290298106,22416.5595270127,5.21277697576013,37.3911614453506,59.8693067537836,0.00369139957269985,78.8268055868283
"69",0.442985817989396,0.542033003579248,0.394753087794383,0.144648939043929,0.040694648261899,0.0749566835678477,0.183703603991069,0.0646192761228102,9.26410676565086,44.1830093672899,27.1933492747206,0.36385559040131,0.334021461371571,0.369927679613273,503.95218020014,0.107196783308433,0.736754049364334,1.83845414163741,0.00947971990657178,3.24716699542003,1220.63555363657,5844.77053677421,3992.47952894612,50.8311497557005,32.8515246412886,8.24866096490491,27095.9289338128,6.06907618407066,44.1113861292246,73.8324568780312,0.00617257467026511,110.289806734877
"70",0.452937757583807,0.556950155689795,0.402315429859493,0.148553324423692,0.0430936705469889,0.0761629984819527,0.186272824041687,0.0661615128762633,9.30075050371363,44.3113592139681,27.3853338224475,0.366769708177108,0.340507915766561,0.383514060224829,526.770989674172,0.110645233972498,0.768203774339177,1.92832039367153,0.0107926415378826,3.40156087955273,1366.99805505482,6532.11084922421,4471.94114720592,57.0556611824084,37.5668561616927,10.4538085336118,32278.5192262405,7.01770820062969,51.5243954148028,89.5808891350455,0.00994965460241844,148.352634845285
"71",0.463319602689915,0.572499326096277,0.409843637696606,0.152794945078465,0.0456149186835699,0.0772951414989394,0.188949647359077,0.0677264437851382,9.34301276133188,44.4539914441129,27.5773183701745,0.369683825952906,0.346840628963525,0.397079752912551,550.633376883465,0.114142245275107,0.80160288539125,2.0254797209534,0.0122814996316093,3.56156027452759,1517.55512509809,7251.18986877528,4953.85163251782,63.2968684796652,42.6670577684518,12.9724436857085,38221.7768645813,8.04896235372095,59.58671881834,106.924317036952,0.0155109989140676,191.946193607157
"72",0.473083526482491,0.587975288168672,0.417520997397732,0.15707075387485,0.0483048464890089,0.0784117864834929,0.191693223021283,0.069340358698166,9.38498909530755,44.594571092229,27.7693029179015,0.372597943728704,0.353638258011709,0.411652550077024,575.438381966873,0.117872183303093,0.835567709143961,2.12606177042556,0.0139618764571934,3.72651162529612,1669.77627008642,7987.34972389033,5451.12583103049,69.7852956132549,47.9732997645057,15.7472507860249,44644.2723250829,9.18588987213832,67.9290525290766,127.359129562306,0.0231193022345428,242.512655529715
"73",0.483357657337123,0.603705301625422,0.425171800558445,0.161516417469746,0.051089578575271,0.0795820075026797,0.194427880862972,0.0710119539872229,9.42905979358867,44.7244500651418,27.9612874656285,0.375512061504502,0.36104509122031,0.426573773741994,602.467849100424,0.121872343468326,0.871287228662827,2.23192152770463,0.0159160496370355,3.90693863767399,1830.37915841238,8749.14663734099,5998.35851966471,76.5360923757991,53.6954718003973,18.9147563748305,51688.7281058726,10.4705247133877,77.1782266909063,150.751207484643,0.033993847512946,295.836050310412
"74",0.494370823953455,0.619693631389496,0.433739451139043,0.166171293599021,0.0541285627169934,0.0807624221058081,0.19741080319119,0.0728141939464571,9.47070919265004,44.8401883405662,28.1532720133554,0.3784261792803,0.368132702796215,0.441270193397043,629.492263627259,0.125974292314478,0.909366276872792,2.34394371559405,0.0182038486127245,4.11074198210443,1998.83744282188,9477.75639138652,6553.8500923966,83.7791390873775,59.5231436998454,22.399337190909,59782.151190055,11.8704494769104,87.4530732882116,177.178595617971,0.0488589554539962,357.132338457751
"75",0.504885484786005,0.636689379277155,0.441592730382757,0.170998112807996,0.0573218093369858,0.0819601999064831,0.200319295580959,0.0746224469061311,9.50909941646653,44.957980613834,28.3452565610824,0.381340297056098,0.374716463273991,0.456905540070735,659.896435202023,0.130205988640277,0.947458108208134,2.45527883170941,0.0208766117137894,4.31839998560885,2164.00066873437,10234.4076049219,7103.6737064149,90.8327553574747,65.9813874841811,26.2744380304744,68704.5949082804,13.4303672977272,99.4863292284884,206.711630110196,0.0694534053718467,422.784995639701
"76",0.516028937318568,0.654226343934394,0.450019274455787,0.17597027037601,0.0607587414775628,0.0832592335650023,0.203245054549328,0.0766347529520922,9.55488150443952,45.0632754669226,28.5372411088094,0.384254414831896,0.382489824078332,0.472877886081973,690.506278225903,0.134654608370489,0.987274874970703,2.57519191594795,0.02426010206658,4.54406548443757,2343.26733236893,11024.9098786898,7702.34514579873,98.2694573031677,72.6651574614853,30.7041855323114,78499.4015186645,15.1045249480049,111.958860691383,241.447455548589,0.0975239264796197,499.072413511657
"77",0.527137447776027,0.672168428027295,0.458883248802394,0.18118863900984,0.0642341197996684,0.0846732068425421,0.206408336906395,0.0786738225406332,9.61104433186586,45.1757451759259,28.7292256565364,0.387168532607694,0.39034554864259,0.489587993926652,725.053963290907,0.139344426734532,1.02821515708281,2.70386587082712,0.0281875297895855,4.76218773705798,2520.46978339672,11845.0117407393,8331.57271171461,106.223299105223,79.9738106675758,35.474689704134,89134.7271846349,17.0331426734145,126.696223496074,281.279289373085,0.14052728600034,580.528456880726
"78",0.53822390699211,0.69011331052512,0.467911470752571,0.186984069477444,0.0680600102346277,0.0860859910375935,0.209705934398343,0.0807864796918804,9.66577741995871,45.2979523927539,28.9212102042633,0.390082650383492,0.398241668643153,0.506162166032338,762.898461071396,0.144251868632815,1.07158379890416,2.83976212179298,0.0329822330074407,5.00457216700337,2713.09964725744,12689.9059253402,8968.64923379573,114.832743251008,87.3646424847627,40.9570154017512,101408.169792243,19.0250484086198,141.980490524411,324.780630340876,0.199735461523281,669.439107912947
"79",0.549445847242125,0.707498907566166,0.47677259318611,0.192764728530819,0.0721103690956467,0.0875808382806655,0.213061914172654,0.0830294903400415,9.72363217424132,45.4415927155087,29.1131947519903,0.39299676815929,0.406903426621838,0.522763310084705,802.642283889645,0.149835526022825,1.12023357238709,2.98523661992737,0.0387974696506897,5.2727927258657,2904.17689764847,13581.9061201409,9624.4917934055,123.823464003575,95.6573361260054,46.9731506432669,114675.007599198,21.3183549645571,159.56545693519,374.403678401976,0.276580208636832,766.909034330058
"80",0.561121174643292,0.725915350995532,0.486432405401806,0.198956117752406,0.0765433169543694,0.0890356482041515,0.216844746382536,0.0853573016165089,9.77794010579419,45.6322934816735,29.3051792997173,0.395910885935088,0.415910155270379,0.54060073890943,844.800264263963,0.155406137471151,1.16804425753231,3.14009082211467,0.0449863584530328,5.55582962343991,3107.47589657426,14500.2466399866,10309.1766903446,133.062368348049,104.557480342834,53.6554696820637,129238.287323372,23.9910659867074,179.776115490745,431.886656290931,0.385150774405723,872.389342905787
"81",0.572635715384161,0.74444215572289,0.496238339667425,0.205542246311287,0.0813358848425428,0.0905961444179663,0.220696710110442,0.0877528083808233,9.83177152663755,45.8339294288235,29.4971638474442,0.398825003710886,0.425715117598681,0.558593032374593,889.249490440239,0.161602657200753,1.22058805403997,3.31105938745192,0.0519912621438884,5.87578539743656,3322.90643423305,15463.0111419074,11022.4251980479,142.648246210325,113.406958488953,61.0894282862656,146516.287633687,27.0241953811809,202.421522791148,495.61951073265,0.532572967475026,992.045948637696
"82",0.584939079635783,0.762508062116975,0.506053693376464,0.212255977904882,0.0864820077780191,0.0921633501590298,0.224613605683866,0.090330525474342,9.88706833563584,46.0704758704783,29.6891483951712,0.404324530818058,0.435026921147752,0.576861294476816,942.311405838512,0.16813935411044,1.27724427531471,3.49712637237134,0.0610670385913762,6.20521469247638,3539.27507372783,16463.0366397385,11775.5114735271,152.143680012585,122.855960252649,69.1008410624285,165309.822942669,30.2034391619645,228.353340400067,567.466061324974,0.739841486525474,1122.32025950528
"83",0.597255839710857,0.779504477815155,0.516879737330763,0.219407395027209,0.0919090200027081,0.0938728033093206,0.228639734624628,0.0931222296049587,9.94187519062617,46.3532169859545,29.8811329428982,0.411570828575509,0.444752579024775,0.595421912702625,999.174549334805,0.175021399365702,1.33894126058463,3.69006068616701,0.071701179203326,6.56980778773755,3774.52052792715,17501.8623514643,12618.4765112168,162.889814497363,132.780882204376,78.4366081450327,185403.816323269,33.82166980012,255.637906512147,646.735528478412,1.02303970211079,1269.87152146026
"84",0.609772957815778,0.79715395195932,0.528029198212991,0.227079535996016,0.0977180926082419,0.0956809617988606,0.232942789927206,0.0960889559989143,10.0042404435948,46.7811635570749,30.2660218687961,0.41881712633296,0.455365307856072,0.6144051842743,1060.65473939558,0.182408900255611,1.40183526469583,3.90836100957355,0.0857340770786491,6.96214063566321,4015.14663060883,18626.4974476733,13471.3993825338,173.605729330336,144.22477583634,88.745092758681,208276.147812422,37.76543337176,288.257180375918,731.635033953743,1.40059179306775,1426.83073829272
"85",0.622577537841901,0.815605095838898,0.539018856103406,0.235323601605433,0.104539625192556,0.0976324753874819,0.237638401622751,0.0992508949050925,10.0803883920698,47.2926463057233,30.9645153172123,0.426063424090411,0.467667283090042,0.633329167337971,1129.71170282925,0.190640126271363,1.46996066029673,4.14154474578528,0.103652362649871,7.39392886082437,4275.36310572149,19804.1408672126,14349.8314371389,185.0928650885,156.861400801302,100.200762929411,233242.068153246,41.8971510921401,325.363139187022,834.658987529709,1.91249601241338,1610.31877802817
"86",0.635317696983169,0.833234109341442,0.550604352950857,0.244189436156074,0.111936892203718,0.0996232347051809,0.2426587468985,0.102630451432925,10.1701045331821,47.9616675382567,31.6630087656285,0.433309721847862,0.479363806706547,0.653028364235332,1212.61819698603,0.20023956616216,1.54632520293125,4.40505087120551,0.127791835993243,7.89551534476519,4556.06148174141,21050.2748418514,15239.642573749,197.634216315448,169.55853971867,112.966267852681,262987.326782647,46.7913480359319,365.729473047395,948.68632570987,2.72497753934798,1815.96726061709
"87",0.649112093922234,0.849708231300963,0.562763978044908,0.253446112787655,0.11974047311984,0.101846076304347,0.248103181166694,0.106310389823923,10.2705273288434,48.6294383961897,32.3615022140446,0.440556019605312,0.492157037085989,0.672550050820157,1300.11018657831,0.211271487443286,1.63322422575109,4.69967159345087,0.159603514276659,8.43974542959802,4855.68403078871,22313.1495725888,16242.0133481346,210.398909266514,183.440817621116,126.509372001771,296360.222529758,52.2332334667717,412.215011706389,1072.85909893742,3.85418421221767,2052.29055230703
"88",0.662850115471109,0.865934019763992,0.575584782954338,0.263400839627567,0.128157002516194,0.104237497395509,0.253902744419139,0.110261446457768,10.3758738583773,50.050759048381,33.0599956624608,0.447802317362763,0.506999894695842,0.692261780189137,1401.74731989686,0.224159592331935,1.72129837032487,5.0218774095517,0.202814626927377,9.04975625796789,5174.79235040926,23703.2229689398,17353.9052377892,224.437708159726,199.088978051455,141.631405655309,333750.980499378,58.4870540264036,465.547367046794,1218.2328539215,5.49090104248485,2303.55138536762
"89",0.677284613771871,0.881021735505385,0.58982105574266,0.274373426638754,0.137441770795302,0.106803302031991,0.260261704943367,0.114737821123616,10.4812059178502,51.5478601753314,33.758489110877,0.455048615120214,0.52315378265999,0.712739979587533,1518.04977780303,0.24035852460863,1.82133306464626,5.38362025064792,0.265166274208663,9.72721679650384,5544.43964008569,25213.0691585518,18574.3997715812,239.781335507165,215.787530466217,158.477282578294,377131.512559703,65.1777427418888,525.949946370577,1386.23125693672,8.03406273061405,2606.68702865595
"90",0.691767787601382,0.895936577921193,0.604526194178408,0.286489548230611,0.147221750202719,0.109544084320393,0.266937874297761,0.119773913154222,10.6120553546223,52.9852729925669,34.4569825592931,0.462294912877665,0.538081396635306,0.733145852601517,1650.76678468502,0.259469263995186,1.92846510771656,5.79230266985692,0.353463464374749,10.479433828096,5940.6365182378,26868.4455822763,19906.0155425943,256.207832506156,235.49390495863,177.194189682698,428684.82382609,72.8354995785188,596.831857211251,1580.97909495638,11.7212715976374,2944.78246270846
"91",0.706640235651018,0.910656499104826,0.620272562736909,0.299402838301712,0.159036926028955,0.112573264257583,0.274536791125102,0.125320124549623,10.8446628038388,54.2429729229465,35.1554760077093,0.469541210635116,0.555613292931286,0.753507209260495,1810.1847222326,0.28395410403058,2.05548134477654,6.25901950699545,0.48794589723256,11.3725143287158,6341.92626009877,28732.9568826448,21309.6542391787,274.870102346012,257.199693283161,197.434980440945,491691.815439591,82.2389741153245,675.95274982547,1815.76109978762,17.115171908715,3337.02297740384
"92",0.721880746321403,0.92512601551882,0.637441124150732,0.313774327407429,0.172479734631083,0.115952651299383,0.283171088421868,0.131834188105073,11.1013616654219,54.9599067274781,35.8539694561255,0.476787508392567,0.575329150531113,0.773911051637253,1996.61975167323,0.314115418771843,2.20042753146671,6.79173557046506,0.692557480500173,12.4327752562022,6831.36370663549,30841.9611908071,23007.0486509889,296.6344988341,283.233840989827,220.182167049382,568995.385686856,92.3515179645163,771.912849582704,2078.44549957197,25.2127556477467,3810.75354759598
"93",0.737882837679672,0.938535203065246,0.6553549042555,0.330250104882796,0.188079131135235,0.119735330827023,0.293581208465542,0.139072010962154,11.5184068092472,55.6092276719238,36.5524629045416,0.484033806150018,0.599187229564705,0.794927499481641,2229.7924126139,0.35581055620323,2.36215756118066,7.44241650257226,0.966134613489679,13.7692954272363,7393.7021870987,33217.6126803615,24894.1874629716,321.200158457692,311.66951676414,246.387126920401,663223.200502445,105.26964890133,885.639874559319,2435.06029515255,39.5594801223404,4396.24932034265
"94",0.75474663656905,0.950439228903667,0.675175707521943,0.348864081232599,0.205983059412523,0.124150545967496,0.305611207600916,0.147401040202643,12.0364842388236,56.2682882172655,37.2509563529578,0.491280103907468,0.633903907067583,0.816207008887228,2535.18123527099,0.413688472592658,2.56155972673363,8.28166734916199,1.41523687284467,15.3344709946987,8061.59016495143,35930.3421299766,27109.1480563477,349.758000250792,346.686411314924,276.711985811192,786633.86144217,121.099360126478,1025.55959588504,2855.46470258135,66.4148893198655,5110.67287647165
"95",0.772171572753495,0.962308745366964,0.697871443026615,0.37076695211386,0.226440998264893,0.129340291221198,0.320417284642849,0.157875953940985,12.4078185798367,57.1151824121529,37.949449801374,0.498526401664919,0.683749358713281,0.838196248165065,2935.57732088643,0.484700107342578,2.79543074185651,9.2956496500563,2.20788758372078,17.1717438113836,8874.5221618635,39325.5636781155,29675.6139925354,382.523728677629,387.029486458704,311.395201010577,954030.677814069,141.892380624288,1210.15462845368,3402.06639223024,115.471680447151,6044.58649331558
"96",0.791770933218113,0.972976305260135,0.722336151775473,0.397250225249612,0.252703446902756,0.135983311500096,0.338604697667598,0.170393225263187,12.7811307959158,58.0917282100728,38.6479432497901,0.521401149341405,0.744128454080882,0.861052685669361,3479.86094997325,0.569733737410815,3.09230960146832,10.5284744140056,3.8324250463129,19.5907110702274,9842.55237159631,43579.45348263,32787.9395958634,424.17185773999,440.628599987944,353.710669546743,1184707.95921051,170.460265922909,1439.89143269193,4100.8766910762,243.188346298496,7355.16208612095
"97",0.813281160014326,0.982674340253361,0.751047001418083,0.427778726944678,0.285107480222977,0.143993821464284,0.363469266585228,0.18781109909371,13.1556416339481,58.9174842050442,39.3464366982063,0.548265375093146,0.846431748279308,0.885948784499763,4244.22271649406,0.691181153697133,3.49527286226968,12.1487631892392,6.80765342213118,22.9011766019173,11171.3451899422,48983.5942254036,37408.8823152527,480.79182352649,514.045184527215,404.694837199602,1547447.66685514,213.232186986408,1787.56356392698,5138.01999449671,560.94499969226,9227.15700811886
"98",0.839843730318494,0.99156566912221,0.78888991216353,0.470430332397525,0.331738892839172,0.155521218803195,0.403973546154441,0.212930509559039,13.5363727457836,60.7705912661502,40.5977954659038,0.575129600844887,1.07579333732293,0.913127311021288,5427.27612990583,0.880615683024219,4.0904221760489,14.4419805213589,13.8281166836423,27.9899499312296,13122.8575919296,57583.3203961159,43988.5384086843,564.086572567787,620.494796742982,476.613847188398,2137428.06140656,292.208584516711,2343.48922946275,6828.82716062187,1409.0843130963,12318.2182762035
"99",0.874486928336336,0.999810838923391,0.84494281309013,0.534056905997249,0.411906928736338,0.17607518038803,0.485920225534892,0.257624899149755,14.530942104645,65.0374896615572,49.891248699772,0.614091831734121,1.33472481038596,0.947780954933194,7804.95662198518,1.25264088142875,5.16443606454954,18.532866875909,57.6032104968046,36.9578977719529,17053.2413108082,74481.522997412,56210.2899351563,721.86638185224,819.164583628525,595.710613381059,3400223.86455577,468.851258564309,3496.10879572982,9975.64359588723,5835.84986993452,18998.5743935619
"100",1,1,1,1,1,0.5,1,1,17.7523336986301,74.4040862745098,1000,5,1.92731994934274,1,56126.496938971,8.98789070299525,18.4515974220508,61.5666987523214,63257.7001300323,174.148225523575,74609.6623985804,271296.467539766,439648.230144336,2260.57904271649,3236.92279848352,3722.25723738098,34697631.5544501,5117.63033862908,23441.7220053608,46259.070293753,28234417.6215516,135748.130360503
"mean",0.351555222036809,0.392975311922916,0.310135132150703,0.124000908962252,0.0478616784815895,0.0608801446131675,0.156404227026766,0.0553150515950968,8.73915700709028,42.602475581929,28.8067075275915,0.365289504450343,0.296792116568202,0.27344059240732,707.268604792558,0.132221966737127,0.751488307371111,2.16321707557872,12.5301522957365,3.93824889128273,180.12900004536,-145.537644675298,802.878975389868,11.3218706548798,27.7820477598906,16.2524904316464,133894.71612206,10.6295818985411,138.120861495125,391.344718004506,2854.21129113578,827.707418555081
"std.dev",0.218547415368571,0.30820032715553,0.202507906212415,0.117794531225717,0.0862328378913087,0.0382344904302594,0.0961393227580103,0.0547404061155919,1.7737732575191,7.07596975682487,9.98943289837286,0.132717108997419,0.230353634291201,0.276907005135095,1647.27093399776,0.275042627589775,1.08336484526138,3.8894986520655,415.765019178561,7.42518867765087,5390.56169836361,24875.7990296989,18025.8619990752,225.626665525485,217.547316126135,150.812825165863,892901.192599802,132.671487369925,794.630611938652,2218.02518706672,164148.714365642,4283.39472115455
